Province,City,Date,Cumulative_diagnosis,New_confirmed_diagnosis,Cumulative_cure,New_cure,Cumulative_death,New_death,Existing_confirmed,Added_native_asymptomatic
Guangdong,Guangzhou,2022/11/5,5377,189,4073,74,1,0,1303,1259
Guangdong,Guangzhou,2022/11/4,5188,170,3999,0,1,0,1188,635
Guangdong,Guangzhou,2022/11/3,5018,150,3999,28,1,0,1018,430
Guangdong,Guangzhou,2022/11/2,4868,85,3971,12,1,0,896,323
Guangdong,Guangzhou,2022/11/1,4783,91,3959,11,1,0,823,253
Guangdong,Guangzhou,2022/10/31,4692,191,3948,32,1,0,743,289
Guangdong,Guangzhou,2022/10/30,4501,234,3916,21,1,0,584,295
Guangdong,Guangzhou,2022/10/29,4267,68,3895,36,1,0,371,125
Guangdong,Guangzhou,2022/10/28,4199,54,3859,21,1,0,339,85
Guangdong,Guangzhou,2022/10/27,4145,23,3838,11,1,0,306,46
Guangdong,Guangzhou,2022/10/26,4122,13,3827,15,1,0,294,39
Guangdong,Guangzhou,2022/10/25,4109,28,3812,17,1,0,296,46
Guangdong,Guangzhou,2022/10/24,4081,22,3795,24,1,0,285,43
Guangdong,Guangzhou,2022/10/23,4059,20,3771,23,1,0,287,53
Guangdong,Guangzhou,2022/10/22,4039,20,3748,11,1,0,290,39
Guangdong,Guangzhou,2022/10/21,4019,18,3737,17,1,0,281,46
Guangdong,Guangzhou,2022/10/20,4001,24,3720,29,1,0,280,46
Guangdong,Guangzhou,2022/10/19,3977,16,3691,19,1,0,285,44
Guangdong,Guangzhou,2022/10/18,3961,24,3672,19,1,0,288,31
Guangdong,Guangzhou,2022/10/17,3937,18,3653,0,1,0,283,43
Guangdong,Guangzhou,2022/10/16,3919,11,3653,27,1,0,265,27
Guangdong,Guangzhou,2022/10/15,3908,26,3626,15,1,0,281,16
Guangdong,Guangzhou,2022/10/14,3882,29,3611,0,1,0,270,8
Guangdong,Guangzhou,2022/10/13,3853,29,3611,26,1,0,241,3
Guangdong,Guangzhou,2022/10/12,3824,15,3585,25,1,0,238,7
Guangdong,Guangzhou,2022/10/11,3809,13,3560,6,1,0,248,2
Guangdong,Guangzhou,2022/10/10,3796,25,3554,0,1,0,241,1
Guangdong,Guangzhou,2022/10/9,3771,18,3554,2,1,0,216,15
Guangdong,Guangzhou,2022/10/8,3753,22,3552,14,1,0,200,9
Guangdong,Guangzhou,2022/10/7,3731,22,3538,10,1,0,192,12
Guangdong,Guangzhou,2022/10/6,3709,30,3528,0,1,0,180,8
Guangdong,Guangzhou,2022/10/5,3679,21,3528,6,1,0,150,13
Guangdong,Guangzhou,2022/10/4,3658,23,3522,6,1,0,135,5
Guangdong,Guangzhou,2022/10/3,3635,18,3516,19,1,0,118,7
Guangdong,Guangzhou,2022/10/2,3617,12,3497,0,1,0,119,3
Guangdong,Guangzhou,2022/10/1,3605,15,3497,11,1,0,107,0
Guangdong,Guangzhou,2022/9/30,3590,5,3486,10,1,0,103,0
Guangdong,Guangzhou,2022/9/29,3585,8,3476,0,1,0,108,2
Guangdong,Guangzhou,2022/9/28,3577,13,3476,11,1,0,100,0
Guangdong,Guangzhou,2022/9/27,3564,6,3465,0,1,0,98,1
Guangdong,Guangzhou,2022/9/26,3558,8,3465,8,1,0,92,1
Guangdong,Guangzhou,2022/9/25,3550,12,3457,22,1,0,92,0
Guangdong,Guangzhou,2022/9/24,3538,16,3435,8,1,0,102,0
Guangdong,Guangzhou,2022/9/23,3522,14,3427,0,1,0,94,0
Guangdong,Guangzhou,2022/9/22,3508,6,3427,20,1,0,80,4
Guangdong,Guangzhou,2022/9/21,3502,9,3407,20,1,0,94,2
Guangdong,Guangzhou,2022/9/20,3493,4,3387,14,1,0,105,1
Guangdong,Guangzhou,2022/9/19,3489,8,3373,12,1,0,115,0
Guangdong,Guangzhou,2022/9/18,3481,6,3361,10,1,0,119,1
Guangdong,Guangzhou,2022/9/17,3475,4,3351,5,1,0,123,0
Guangdong,Guangzhou,2022/9/16,3471,8,3346,12,1,0,124,1
Guangdong,Guangzhou,2022/9/15,3463,5,3334,0,1,0,128,0
Guangdong,Guangzhou,2022/9/14,3458,3,3334,12,1,0,123,0
Guangdong,Guangzhou,2022/9/13,3455,3,3322,6,1,0,132,0
Guangdong,Guangzhou,2022/9/12,3452,4,3316,0,1,0,135,0
Guangdong,Guangzhou,2022/9/11,3448,12,3316,5,1,0,131,0
Guangdong,Guangzhou,2022/9/10,3436,9,3311,7,1,0,124,0
Guangdong,Guangzhou,2022/9/9,3427,9,3304,5,1,0,122,0
Guangdong,Guangzhou,2022/9/8,3418,11,3299,7,1,0,118,0
Guangdong,Guangzhou,2022/9/7,3407,3,3292,0,1,0,114,1
Guangdong,Guangzhou,2022/9/6,3404,16,3292,6,1,0,111,1
Guangdong,Guangzhou,2022/9/5,3388,8,3286,11,1,0,101,3
Guangdong,Guangzhou,2022/9/4,3380,14,3275,5,1,0,104,1
Guangdong,Guangzhou,2022/9/3,3366,10,3270,8,1,0,95,0
Guangdong,Guangzhou,2022/9/2,3356,11,3262,9,1,0,93,3
Guangdong,Guangzhou,2022/9/1,3345,8,3253,0,1,0,91,2
Guangdong,Guangzhou,2022/8/31,3337,7,3253,7,1,0,83,4
Guangdong,Guangzhou,2022/8/30,3330,9,3246,0,1,0,83,0
Guangdong,Guangzhou,2022/8/29,3321,4,3246,17,1,0,74,0
Guangdong,Guangzhou,2022/8/28,3317,8,3229,0,1,0,87,1
Guangdong,Guangzhou,2022/8/27,3309,5,3229,12,1,0,79,1
Guangdong,Guangzhou,2022/8/26,3304,5,3217,0,1,0,86,0
Guangdong,Guangzhou,2022/8/25,3299,12,3217,13,1,0,81,0
Guangdong,Guangzhou,2022/8/24,3287,7,3204,12,1,0,82,0
Guangdong,Guangzhou,2022/8/23,3280,4,3192,0,1,0,87,0
Guangdong,Guangzhou,2022/8/22,3276,5,3192,9,1,0,83,0
Guangdong,Guangzhou,2022/8/21,3271,6,3183,9,1,0,87,2
Guangdong,Guangzhou,2022/8/20,3265,6,3174,8,1,0,90,0
Guangdong,Guangzhou,2022/8/19,3259,4,3166,6,1,0,92,0
Guangdong,Guangzhou,2022/8/18,3255,5,3160,0,1,0,94,0
Guangdong,Guangzhou,2022/8/17,3250,2,3160,11,1,0,89,1
Guangdong,Guangzhou,2022/8/16,3248,10,3149,7,1,0,98,0
Guangdong,Guangzhou,2022/8/15,3238,2,3142,7,1,0,95,0
Guangdong,Guangzhou,2022/8/14,3236,6,3135,13,1,0,100,0
Guangdong,Guangzhou,2022/8/13,3230,4,3122,10,1,0,107,0
Guangdong,Guangzhou,2022/8/12,3226,4,3112,0,1,0,113,0
Guangdong,Guangzhou,2022/8/11,3222,16,3112,7,1,0,109,0
Guangdong,Guangzhou,2022/8/10,3206,18,3105,5,1,0,100,1
Guangdong,Guangzhou,2022/8/9,3188,16,3100,0,1,0,87,0
Guangdong,Guangzhou,2022/8/8,3172,5,3100,13,1,0,71,0
Guangdong,Guangzhou,2022/8/7,3167,7,3087,7,1,0,79,1
Guangdong,Guangzhou,2022/8/6,3160,7,3080,9,1,0,79,0
Guangdong,Guangzhou,2022/8/5,3153,3,3071,9,1,0,81,0
Guangdong,Guangzhou,2022/8/4,3150,5,3062,0,1,0,87,0
Guangdong,Guangzhou,2022/8/3,3145,9,3062,12,1,0,82,0
Guangdong,Guangzhou,2022/8/2,3136,2,3050,11,1,0,85,0
Guangdong,Guangzhou,2022/8/1,3134,12,3039,10,1,0,94,0
Guangdong,Guangzhou,2022/7/31,3122,9,3029,6,1,0,92,0
Guangdong,Guangzhou,2022/7/30,3113,4,3023,6,1,0,89,0
Guangdong,Guangzhou,2022/7/29,3109,1,3017,0,1,0,91,0
Guangdong,Guangzhou,2022/7/28,3108,3,3017,7,1,0,90,0
Guangdong,Guangzhou,2022/7/27,3105,6,3010,7,1,0,94,0
Guangdong,Guangzhou,2022/7/26,3099,3,3003,28,1,0,95,0
Guangdong,Guangzhou,2022/7/25,3096,7,2975,0,1,0,120,0
Guangdong,Guangzhou,2022/7/24,3089,10,2975,5,1,0,113,0
Guangdong,Guangzhou,2022/7/23,3079,9,2970,4,1,0,108,0
Guangdong,Guangzhou,2022/7/22,3070,5,2966,10,1,0,103,0
Guangdong,Guangzhou,2022/7/21,3065,12,2956,4,1,0,108,0
Guangdong,Guangzhou,2022/7/20,3053,7,2952,1,1,0,100,0
Guangdong,Guangzhou,2022/7/19,3046,14,2951,0,1,0,94,0
Guangdong,Guangzhou,2022/7/18,3032,5,2951,9,1,0,80,0
Guangdong,Guangzhou,2022/7/17,3027,11,2942,10,1,0,84,0
Guangdong,Guangzhou,2022/7/16,3016,6,2932,2,1,0,83,0
Guangdong,Guangzhou,2022/7/15,3010,6,2930,0,1,0,79,1
Guangdong,Guangzhou,2022/7/14,3004,5,2930,0,1,0,73,2
Guangdong,Guangzhou,2022/7/13,2999,4,2930,4,1,0,68,1
Guangdong,Guangzhou,2022/7/12,2995,7,2926,3,1,0,68,0
Guangdong,Guangzhou,2022/7/11,2988,4,2923,8,1,0,64,0
Guangdong,Guangzhou,2022/7/10,2984,4,2915,4,1,0,68,1
Guangdong,Guangzhou,2022/7/9,2980,4,2911,0,1,0,68,1
Guangdong,Guangzhou,2022/7/8,2976,9,2911,6,1,0,64,1
Guangdong,Guangzhou,2022/7/7,2967,2,2905,5,1,0,61,0
Guangdong,Guangzhou,2022/7/6,2965,2,2900,0,1,0,64,0
Guangdong,Guangzhou,2022/7/5,2963,4,2900,7,1,0,62,0
Guangdong,Guangzhou,2022/7/4,2959,8,2893,4,1,0,65,1
Guangdong,Guangzhou,2022/7/3,2951,7,2889,3,1,0,61,0
Guangdong,Guangzhou,2022/7/2,2944,4,2886,8,1,0,57,0
Guangdong,Guangzhou,2022/7/1,2940,9,2878,4,1,0,61,0
Guangdong,Guangzhou,2022/6/30,2931,1,2874,7,1,0,56,0
Guangdong,Guangzhou,2022/6/29,2930,0,2867,5,1,0,62,0
Guangdong,Guangzhou,2022/6/28,2930,3,2862,7,1,0,67,0
Guangdong,Guangzhou,2022/6/27,2927,3,2855,0,1,0,71,0
Guangdong,Guangzhou,2022/6/26,2924,3,2855,3,1,0,68,0
Guangdong,Guangzhou,2022/6/25,2921,8,2852,7,1,0,68,0
Guangdong,Guangzhou,2022/6/24,2913,6,2845,0,1,0,67,0
Guangdong,Guangzhou,2022/6/23,2907,4,2845,2,1,0,61,0
Guangdong,Guangzhou,2022/6/22,2903,10,2843,0,1,0,59,0
Guangdong,Guangzhou,2022/6/21,2893,5,2843,0,1,0,49,0
Guangdong,Guangzhou,2022/6/20,2888,5,2843,0,1,0,44,0
Guangdong,Guangzhou,2022/6/19,2883,3,2843,4,1,0,39,0
Guangdong,Guangzhou,2022/6/18,2880,0,2839,0,1,0,40,0
Guangdong,Guangzhou,2022/6/17,2880,6,2839,0,1,0,40,0
Guangdong,Guangzhou,2022/6/16,2874,5,2839,9,1,0,34,0
Guangdong,Guangzhou,2022/6/15,2869,6,2830,0,1,0,38,0
Guangdong,Guangzhou,2022/6/14,2863,4,2830,3,1,0,32,0
Guangdong,Guangzhou,2022/6/13,2859,7,2827,0,1,0,31,0
Guangdong,Guangzhou,2022/6/12,2852,3,2827,1,1,0,24,0
Guangdong,Guangzhou,2022/6/11,2849,3,2826,0,1,0,22,0
Guangdong,Guangzhou,2022/6/10,2846,2,2826,3,1,0,19,0
Guangdong,Guangzhou,2022/6/9,2844,1,2823,0,1,0,20,0
Guangdong,Guangzhou,2022/6/8,2843,3,2823,1,1,0,19,0
Guangdong,Guangzhou,2022/6/7,2840,1,2822,2,1,0,17,0
Guangdong,Guangzhou,2022/6/6,2839,2,2820,5,1,0,18,0
Guangdong,Guangzhou,2022/6/5,2837,1,2815,0,1,0,21,0
Guangdong,Guangzhou,2022/6/4,2836,3,2815,3,1,0,20,0
Guangdong,Guangzhou,2022/6/3,2833,3,2812,2,1,0,20,0
Guangdong,Guangzhou,2022/6/2,2830,2,2810,0,1,0,19,0
Guangdong,Guangzhou,2022/6/1,2828,1,2810,0,1,0,17,0
Guangdong,Guangzhou,2022/5/31,2827,2,2810,3,1,0,16,0
Guangdong,Guangzhou,2022/5/30,2825,3,2807,5,1,0,17,0
Guangdong,Guangzhou,2022/5/29,2822,1,2802,0,1,0,19,0
Guangdong,Guangzhou,2022/5/28,2821,0,2802,4,1,0,18,0
Guangdong,Guangzhou,2022/5/27,2821,2,2798,0,1,0,22,0
Guangdong,Guangzhou,2022/5/26,2819,0,2798,9,1,0,20,0
Guangdong,Guangzhou,2022/5/25,2819,3,2789,0,1,0,29,0
Guangdong,Guangzhou,2022/5/24,2816,1,2789,40,1,0,26,0
Guangdong,Guangzhou,2022/5/23,2815,2,2749,0,1,0,65,0
Guangdong,Guangzhou,2022/5/22,2813,0,2749,0,1,0,63,0
Guangdong,Guangzhou,2022/5/21,2813,0,2749,0,1,0,63,0
Guangdong,Guangzhou,2022/5/20,2813,3,2749,9,1,0,63,1
Guangdong,Guangzhou,2022/5/19,2810,0,2740,0,1,0,69,0
Guangdong,Guangzhou,2022/5/18,2810,2,2740,24,1,0,69,0
Guangdong,Guangzhou,2022/5/17,2808,1,2716,0,1,0,91,0
Guangdong,Guangzhou,2022/5/16,2807,5,2716,109,1,0,90,0
Guangdong,Guangzhou,2022/5/15,2802,0,2607,0,1,0,194,0
Guangdong,Guangzhou,2022/5/14,2802,1,2607,0,1,0,194,0
Guangdong,Guangzhou,2022/5/13,2801,5,2607,0,1,0,193,0
Guangdong,Guangzhou,2022/5/12,2796,2,2607,0,1,0,188,0
Guangdong,Guangzhou,2022/5/11,2794,0,2607,0,1,0,186,0
Guangdong,Guangzhou,2022/5/10,2794,0,2607,0,1,0,186,1
Guangdong,Guangzhou,2022/5/9,2794,1,2607,0,1,0,186,0
Guangdong,Guangzhou,2022/5/8,2793,14,2607,0,1,0,185,1
Guangdong,Guangzhou,2022/5/7,2779,8,2607,11,1,0,171,0
Guangdong,Guangzhou,2022/5/6,2771,7,2596,10,1,0,174,1
Guangdong,Guangzhou,2022/5/5,2764,15,2586,11,1,0,177,1
Guangdong,Guangzhou,2022/5/4,2749,14,2575,9,1,0,173,6
Guangdong,Guangzhou,2022/5/3,2735,9,2566,10,1,0,168,3
Guangdong,Guangzhou,2022/5/2,2726,9,2556,31,1,0,169,4
Guangdong,Guangzhou,2022/5/1,2717,28,2525,13,1,0,191,1
Guangdong,Guangzhou,2022/4/30,2689,21,2512,49,1,0,176,6
Guangdong,Guangzhou,2022/4/29,2668,28,2463,0,1,0,204,14
Guangdong,Guangzhou,2022/4/28,2640,10,2463,0,1,0,176,7
Guangdong,Guangzhou,2022/4/27,2630,1,2463,73,1,0,166,0
Guangdong,Guangzhou,2022/4/26,2629,0,2390,0,1,0,238,0
Guangdong,Guangzhou,2022/4/25,2629,5,2390,0,1,0,238,0
Guangdong,Guangzhou,2022/4/24,2624,4,2390,29,1,0,233,0
Guangdong,Guangzhou,2022/4/23,2620,9,2361,0,1,0,258,0
Guangdong,Guangzhou,2022/4/22,2611,10,2361,0,1,0,249,1
Guangdong,Guangzhou,2022/4/21,2601,6,2361,10,1,0,239,1
Guangdong,Guangzhou,2022/4/20,2595,9,2351,0,1,0,243,4
Guangdong,Guangzhou,2022/4/19,2586,14,2351,9,1,0,234,6
Guangdong,Guangzhou,2022/4/18,2572,20,2342,0,1,0,229,5
Guangdong,Guangzhou,2022/4/17,2552,25,2342,2,1,0,209,6
Guangdong,Guangzhou,2022/4/16,2527,21,2340,10,1,0,186,6
Guangdong,Guangzhou,2022/4/15,2506,23,2330,0,1,0,175,11
Guangdong,Guangzhou,2022/4/14,2483,21,2330,0,1,0,152,5
Guangdong,Guangzhou,2022/4/13,2462,39,2330,6,1,0,131,5
Guangdong,Guangzhou,2022/4/12,2423,21,2324,1,1,0,98,2
Guangdong,Guangzhou,2022/4/11,2402,19,2323,4,1,0,78,15
Guangdong,Guangzhou,2022/4/10,2383,20,2319,0,1,0,63,9
Guangdong,Guangzhou,2022/4/9,2363,10,2319,2,1,0,43,1
Guangdong,Guangzhou,2022/4/8,2353,2,2317,2,1,0,35,1
Guangdong,Guangzhou,2022/4/7,2351,5,2315,4,1,0,35,1
Guangdong,Guangzhou,2022/4/6,2346,0,2311,1,1,0,34,0
Guangdong,Guangzhou,2022/4/5,2346,4,2310,8,1,0,35,1
Guangdong,Guangzhou,2022/4/4,2342,6,2302,0,1,0,39,0
Guangdong,Guangzhou,2022/4/3,2336,6,2302,2,1,0,33,2
Guangdong,Guangzhou,2022/4/2,2330,2,2300,1,1,0,29,0
Guangdong,Guangzhou,2022/4/1,2328,2,2299,3,1,0,28,0
Guangdong,Guangzhou,2022/3/31,2326,1,2296,0,1,0,29,1
Guangdong,Guangzhou,2022/3/30,2325,1,2296,8,1,0,28,0
Guangdong,Guangzhou,2022/3/29,2324,6,2288,0,1,0,35,0
Guangdong,Guangzhou,2022/3/28,2318,0,2288,7,1,0,29,0
Guangdong,Guangzhou,2022/3/27,2318,3,2281,11,1,0,36,0
Guangdong,Guangzhou,2022/3/26,2315,5,2270,0,1,0,44,0
Guangdong,Guangzhou,2022/3/25,2310,1,2270,11,1,0,39,0
Guangdong,Guangzhou,2022/3/24,2309,4,2259,4,1,0,49,0
Guangdong,Guangzhou,2022/3/23,2305,0,2255,1,1,0,49,0
Guangdong,Guangzhou,2022/3/22,2305,4,2254,4,1,0,50,0
Guangdong,Guangzhou,2022/3/21,2301,8,2250,8,1,0,50,0
Guangdong,Guangzhou,2022/3/20,2293,4,2242,2,1,0,50,0
Guangdong,Guangzhou,2022/3/19,2289,2,2240,3,1,0,48,0
Guangdong,Guangzhou,2022/3/18,2287,3,2237,5,1,0,49,1
Guangdong,Guangzhou,2022/3/17,2284,2,2232,2,1,0,51,0
Guangdong,Guangzhou,2022/3/16,2282,4,2230,2,1,0,51,2
Guangdong,Guangzhou,2022/3/15,2278,2,2228,6,1,0,49,1
Guangdong,Guangzhou,2022/3/14,2276,1,2222,3,1,0,53,0
Guangdong,Guangzhou,2022/3/13,2275,9,2219,4,1,0,55,0
Guangdong,Guangzhou,2022/3/12,2266,7,2215,0,1,0,50,0
Guangdong,Guangzhou,2022/3/11,2259,5,2215,13,1,0,43,0
Guangdong,Guangzhou,2022/3/10,2254,2,2202,0,1,0,51,0
Guangdong,Guangzhou,2022/3/9,2252,2,2202,7,1,0,49,0
Guangdong,Guangzhou,2022/3/8,2250,2,2195,13,1,0,54,0
Guangdong,Guangzhou,2022/3/7,2248,0,2182,0,1,0,65,0
Guangdong,Guangzhou,2022/3/6,2248,0,2182,6,1,0,65,0
Guangdong,Guangzhou,2022/3/5,2248,4,2176,4,1,0,71,0
Guangdong,Guangzhou,2022/3/4,2244,3,2172,4,1,0,71,0
Guangdong,Guangzhou,2022/3/3,2241,2,2168,0,1,0,72,0
Guangdong,Guangzhou,2022/3/2,2239,6,2168,0,1,0,70,0
Guangdong,Guangzhou,2022/3/1,2233,3,2168,12,1,0,64,0
Guangdong,Guangzhou,2022/2/28,2230,3,2156,6,1,0,73,0
Guangdong,Guangzhou,2022/2/27,2227,2,2150,9,1,0,76,1
Guangdong,Guangzhou,2022/2/26,2225,7,2141,0,1,0,83,0
Guangdong,Guangzhou,2022/2/25,2218,3,2141,18,1,0,76,0
Guangdong,Guangzhou,2022/2/24,2215,3,2123,14,1,0,91,0
Guangdong,Guangzhou,2022/2/23,2212,2,2109,0,1,0,102,0
Guangdong,Guangzhou,2022/2/22,2210,3,2109,8,1,0,100,1
Guangdong,Guangzhou,2022/2/21,2207,2,2101,0,1,0,105,0
Guangdong,Guangzhou,2022/2/20,2205,3,2101,0,1,0,103,0
Guangdong,Guangzhou,2022/2/19,2202,11,2101,25,1,0,100,0
Guangdong,Guangzhou,2022/2/18,2191,3,2076,9,1,0,114,0
Guangdong,Guangzhou,2022/2/17,2188,8,2067,0,1,0,120,0
Guangdong,Guangzhou,2022/2/16,2180,10,2067,10,1,0,112,0
Guangdong,Guangzhou,2022/2/15,2170,7,2057,6,1,0,112,1
Guangdong,Guangzhou,2022/2/14,2163,7,2051,3,1,0,111,0
Guangdong,Guangzhou,2022/2/13,2156,9,2048,2,1,0,107,0
Guangdong,Guangzhou,2022/2/12,2147,8,2046,10,1,0,100,0
Guangdong,Guangzhou,2022/2/11,2139,6,2036,0,1,0,102,0
Guangdong,Guangzhou,2022/2/10,2133,7,2036,5,1,0,96,0
Guangdong,Guangzhou,2022/2/9,2126,5,2031,3,1,0,94,0
Guangdong,Guangzhou,2022/2/8,2121,11,2028,6,1,0,92,0
Guangdong,Guangzhou,2022/2/7,2110,13,2022,6,1,0,87,0
Guangdong,Guangzhou,2022/2/6,2097,7,2016,6,1,0,80,0
Guangdong,Guangzhou,2022/2/5,2090,6,2010,13,1,0,79,0
Guangdong,Guangzhou,2022/2/4,2084,4,1997,0,1,0,86,0
Guangdong,Guangzhou,2022/2/3,2080,8,1997,24,1,0,82,0
Guangdong,Guangzhou,2022/2/2,2072,4,1973,10,1,0,98,0
Guangdong,Guangzhou,2022/2/1,2068,4,1963,12,1,0,104,0
Guangdong,Guangzhou,2022/1/31,2064,3,1951,0,1,0,112,0
Guangdong,Guangzhou,2022/1/30,2061,3,1951,3,1,0,109,0
Guangdong,Guangzhou,2022/1/29,2058,1,1948,0,1,0,109,0
Guangdong,Guangzhou,2022/1/28,2057,3,1948,1,1,0,108,0
Guangdong,Guangzhou,2022/1/27,2054,2,1947,6,1,0,106,0
Guangdong,Guangzhou,2022/1/26,2052,2,1941,14,1,0,110,0
Guangdong,Guangzhou,2022/1/25,2050,0,1927,0,1,0,122,0
Guangdong,Guangzhou,2022/1/24,2050,0,1927,12,1,0,122,0
Guangdong,Guangzhou,2022/1/23,2050,4,1915,7,1,0,134,0
Guangdong,Guangzhou,2022/1/22,2046,3,1908,7,1,0,137,0
Guangdong,Guangzhou,2022/1/21,2043,4,1901,2,1,0,141,0
Guangdong,Guangzhou,2022/1/20,2039,5,1899,15,1,0,139,0
Guangdong,Guangzhou,2022/1/19,2034,2,1884,0,1,0,149,0
Guangdong,Guangzhou,2022/1/18,2032,1,1884,0,1,0,147,0
Guangdong,Guangzhou,2022/1/17,2031,8,1884,5,1,0,146,0
Guangdong,Guangzhou,2022/1/16,2023,5,1879,0,1,0,143,0
Guangdong,Guangzhou,2022/1/15,2018,7,1879,3,1,0,138,0
Guangdong,Guangzhou,2022/1/14,2011,4,1876,2,1,0,134,0
Guangdong,Guangzhou,2022/1/13,2007,6,1874,3,1,0,132,0
Guangdong,Guangzhou,2022/1/12,2001,14,1871,2,1,0,129,0
Guangdong,Guangzhou,2022/1/11,1987,19,1869,14,1,0,117,0
Guangdong,Guangzhou,2022/1/10,1968,16,1855,0,1,0,112,0
Guangdong,Guangzhou,2022/1/9,1952,6,1855,0,1,0,96,0
Guangdong,Guangzhou,2022/1/8,1946,6,1855,0,1,0,90,0
Guangdong,Guangzhou,2022/1/7,1940,7,1855,2,1,0,84,0
Guangdong,Guangzhou,2022/1/6,1933,9,1853,3,1,0,79,0
Guangdong,Guangzhou,2022/1/5,1924,9,1850,2,1,0,73,0
Guangdong,Guangzhou,2022/1/4,1915,5,1848,0,1,0,66,0
Guangdong,Guangzhou,2022/1/3,1910,7,1848,0,1,0,61,0
Guangdong,Guangzhou,2022/1/2,1903,4,1848,1,1,0,54,0
Guangdong,Guangzhou,2022/1/1,1899,7,1847,0,1,0,51,0
Guangdong,Guangzhou,2021/12/31,1892,6,1847,7,1,0,44,0
Guangdong,Guangzhou,2021/12/30,1886,0,1840,0,1,0,45,0
Guangdong,Guangzhou,2021/12/29,1886,0,1840,0,1,0,45,0
Guangdong,Guangzhou,2021/12/28,1886,2,1840,0,1,0,45,0
Guangdong,Guangzhou,2021/12/27,1884,1,1840,11,1,0,43,0
Guangdong,Guangzhou,2021/12/26,1883,3,1829,0,1,0,53,0
Guangdong,Guangzhou,2021/12/25,1880,0,1829,0,1,0,50,0
Guangdong,Guangzhou,2021/12/24,1880,1,1829,4,1,0,50,0
Guangdong,Guangzhou,2021/12/23,1879,3,1825,8,1,0,53,0
Guangdong,Guangzhou,2021/12/22,1876,7,1817,0,1,0,58,0
Guangdong,Guangzhou,2021/12/21,1869,2,1817,8,1,0,51,0
Guangdong,Guangzhou,2021/12/20,1867,4,1809,0,1,0,57,0
Guangdong,Guangzhou,2021/12/19,1863,7,1809,0,1,0,53,0
Guangdong,Guangzhou,2021/12/18,1856,4,1809,2,1,0,46,0
Guangdong,Guangzhou,2021/12/17,1852,3,1807,0,1,0,44,0
Guangdong,Guangzhou,2021/12/16,1849,3,1807,0,1,0,41,0
Guangdong,Guangzhou,2021/12/15,1846,0,1807,2,1,0,38,0
Guangdong,Guangzhou,2021/12/14,1846,1,1805,5,1,0,40,0
Guangdong,Guangzhou,2021/12/13,1845,4,1800,0,1,0,44,0
Guangdong,Guangzhou,2021/12/12,1841,4,1800,4,1,0,40,0
Guangdong,Guangzhou,2021/12/11,1837,0,1796,0,1,0,40,0
Guangdong,Guangzhou,2021/12/10,1837,0,1796,1,1,0,40,0
Guangdong,Guangzhou,2021/12/9,1837,0,1795,0,1,0,41,0
Guangdong,Guangzhou,2021/12/8,1837,3,1795,4,1,0,41,0
Guangdong,Guangzhou,2021/12/7,1834,3,1791,3,1,0,42,0
Guangdong,Guangzhou,2021/12/6,1831,2,1788,1,1,0,42,0
Guangdong,Guangzhou,2021/12/5,1829,0,1787,3,1,0,41,0
Guangdong,Guangzhou,2021/12/4,1829,0,1784,0,1,0,44,0
Guangdong,Guangzhou,2021/12/3,1829,3,1784,2,1,0,44,0
Guangdong,Guangzhou,2021/12/2,1826,3,1782,0,1,0,43,0
Guangdong,Guangzhou,2021/12/1,1823,0,1782,0,1,0,40,0
Guangdong,Guangzhou,2021/11/30,1823,2,1782,5,1,0,40,0
Guangdong,Guangzhou,2021/11/29,1821,8,1777,0,1,0,43,0
Guangdong,Guangzhou,2021/11/28,1813,4,1777,2,1,0,35,0
Guangdong,Guangzhou,2021/11/27,1809,2,1775,0,1,0,33,0
Guangdong,Guangzhou,2021/11/26,1807,3,1775,4,1,0,31,0
Guangdong,Guangzhou,2021/11/25,1804,6,1771,1,1,0,32,0
Guangdong,Guangzhou,2021/11/24,1798,1,1770,0,1,0,27,0
Guangdong,Guangzhou,2021/11/23,1797,2,1770,1,1,0,26,0
Guangdong,Guangzhou,2021/11/22,1795,5,1769,2,1,0,25,0
Guangdong,Guangzhou,2021/11/21,1790,2,1767,0,1,0,22,0
Guangdong,Guangzhou,2021/11/20,1788,2,1767,5,1,0,20,0
Guangdong,Guangzhou,2021/11/19,1786,2,1762,0,1,0,23,0
Guangdong,Guangzhou,2021/11/18,1784,3,1762,2,1,0,21,0
Guangdong,Guangzhou,2021/11/17,1781,0,1760,0,1,0,20,0
Guangdong,Guangzhou,2021/11/16,1781,3,1760,4,1,0,20,0
Guangdong,Guangzhou,2021/11/15,1778,0,1756,0,1,0,21,0
Guangdong,Guangzhou,2021/11/14,1778,3,1756,0,1,0,21,0
Guangdong,Guangzhou,2021/11/13,1775,1,1756,1,1,0,18,0
Guangdong,Guangzhou,2021/11/12,1774,1,1755,6,1,0,18,0
Guangdong,Guangzhou,2021/11/11,1773,1,1749,2,1,0,23,0
Guangdong,Guangzhou,2021/11/10,1772,1,1747,3,1,0,24,0
Guangdong,Guangzhou,2021/11/9,1771,0,1744,0,1,0,26,0
Guangdong,Guangzhou,2021/11/8,1771,4,1744,1,1,0,26,0
Guangdong,Guangzhou,2021/11/7,1767,3,1743,1,1,0,23,0
Guangdong,Guangzhou,2021/11/6,1764,2,1742,0,1,0,21,0
Guangdong,Guangzhou,2021/11/5,1762,2,1742,1,1,0,19,0
Guangdong,Guangzhou,2021/11/4,1760,0,1741,0,1,0,18,0
Guangdong,Guangzhou,2021/11/3,1760,3,1741,1,1,0,18,0
Guangdong,Guangzhou,2021/11/2,1757,3,1740,0,1,0,16,0
Guangdong,Guangzhou,2021/11/1,1754,2,1740,1,1,0,13,0
Guangdong,Guangzhou,2021/10/31,1752,0,1739,0,1,0,12,0
Guangdong,Guangzhou,2021/10/30,1752,2,1739,2,1,0,12,0
Guangdong,Guangzhou,2021/10/29,1750,0,1737,0,1,0,12,0
Guangdong,Guangzhou,2021/10/28,1750,0,1737,0,1,0,12,0
Guangdong,Guangzhou,2021/10/27,1750,0,1737,0,1,0,12,0
Guangdong,Guangzhou,2021/10/26,1750,1,1737,0,1,0,12,0
Guangdong,Guangzhou,2021/10/25,1749,1,1737,0,1,0,11,0
Guangdong,Guangzhou,2021/10/24,1748,0,1737,1,1,0,10,0
Guangdong,Guangzhou,2021/10/23,1748,1,1736,1,1,0,11,0
Guangdong,Guangzhou,2021/10/22,1747,0,1735,1,1,0,11,0
Guangdong,Guangzhou,2021/10/21,1747,0,1734,7,1,0,12,0
Guangdong,Guangzhou,2021/10/20,1747,1,1727,0,1,0,19,0
Guangdong,Guangzhou,2021/10/19,1746,1,1727,0,1,0,18,0
Guangdong,Guangzhou,2021/10/18,1745,2,1727,2,1,0,17,0
Guangdong,Guangzhou,2021/10/17,1743,2,1725,0,1,0,17,0
Guangdong,Guangzhou,2021/10/16,1741,0,1725,0,1,0,15,0
Guangdong,Guangzhou,2021/10/15,1741,0,1725,2,1,0,15,0
Guangdong,Guangzhou,2021/10/14,1741,0,1723,0,1,0,17,0
Guangdong,Guangzhou,2021/10/13,1741,0,1723,1,1,0,17,0
Guangdong,Guangzhou,2021/10/12,1741,1,1722,1,1,0,18,0
Guangdong,Guangzhou,2021/10/11,1740,0,1721,0,1,0,18,0
Guangdong,Guangzhou,2021/10/10,1740,1,1721,0,1,0,18,0
Guangdong,Guangzhou,2021/10/9,1739,0,1721,4,1,0,17,0
Guangdong,Guangzhou,2021/10/8,1739,0,1717,0,1,0,21,0
Guangdong,Guangzhou,2021/10/7,1739,2,1717,7,1,0,21,0
Guangdong,Guangzhou,2021/10/6,1737,0,1710,1,1,0,26,0
Guangdong,Guangzhou,2021/10/5,1737,0,1709,3,1,0,27,0
Guangdong,Guangzhou,2021/10/4,1737,3,1706,2,1,0,30,0
Guangdong,Guangzhou,2021/10/3,1734,1,1704,2,1,0,29,0
Guangdong,Guangzhou,2021/10/2,1733,2,1702,0,1,0,30,0
Guangdong,Guangzhou,2021/10/1,1731,1,1702,1,1,0,28,0
Guangdong,Guangzhou,2021/9/30,1730,1,1701,1,1,0,28,0
Guangdong,Guangzhou,2021/9/29,1729,3,1700,0,1,0,28,0
Guangdong,Guangzhou,2021/9/28,1726,1,1700,2,1,0,25,0
Guangdong,Guangzhou,2021/9/27,1725,4,1698,3,1,0,26,0
Guangdong,Guangzhou,2021/9/26,1721,0,1695,0,1,0,25,0
Guangdong,Guangzhou,2021/9/25,1721,1,1695,0,1,0,25,0
Guangdong,Guangzhou,2021/9/24,1720,1,1695,0,1,0,24,0
Guangdong,Guangzhou,2021/9/23,1719,0,1695,5,1,0,23,0
Guangdong,Guangzhou,2021/9/22,1719,2,1690,0,1,0,28,0
Guangdong,Guangzhou,2021/9/21,1717,1,1690,6,1,0,26,0
Guangdong,Guangzhou,2021/9/20,1716,2,1684,0,1,0,31,0
Guangdong,Guangzhou,2021/9/19,1714,0,1684,11,1,0,29,0
Guangdong,Guangzhou,2021/9/18,1714,2,1673,2,1,0,40,0
Guangdong,Guangzhou,2021/9/17,1712,0,1671,0,1,0,40,0
Guangdong,Guangzhou,2021/9/16,1712,2,1671,6,1,0,40,0
Guangdong,Guangzhou,2021/9/15,1710,3,1665,4,1,0,44,0
Guangdong,Guangzhou,2021/9/14,1707,1,1661,6,1,0,45,0
Guangdong,Guangzhou,2021/9/13,1706,6,1655,0,1,0,50,0
Guangdong,Guangzhou,2021/9/12,1700,3,1655,5,1,0,44,0
Guangdong,Guangzhou,2021/9/11,1697,4,1650,5,1,0,46,0
Guangdong,Guangzhou,2021/9/10,1693,1,1645,8,1,0,47,0
Guangdong,Guangzhou,2021/9/9,1692,4,1637,5,1,0,54,0
Guangdong,Guangzhou,2021/9/8,1688,4,1632,0,1,0,55,0
Guangdong,Guangzhou,2021/9/7,1684,5,1632,9,1,0,51,0
Guangdong,Guangzhou,2021/9/6,1679,-1,1623,4,1,0,55,0
Guangdong,Guangzhou,2021/9/5,1680,5,1619,0,1,0,60,0
Guangdong,Guangzhou,2021/9/4,1675,2,1619,0,1,0,55,0
Guangdong,Guangzhou,2021/9/3,1673,2,1619,6,1,0,53,0
Guangdong,Guangzhou,2021/9/2,1671,5,1613,4,1,0,57,0
Guangdong,Guangzhou,2021/9/1,1666,8,1609,4,1,0,56,0
Guangdong,Guangzhou,2021/8/31,1658,6,1605,9,1,0,52,0
Guangdong,Guangzhou,2021/8/30,1652,3,1596,13,1,0,55,0
Guangdong,Guangzhou,2021/8/29,1649,6,1583,0,1,0,65,0
Guangdong,Guangzhou,2021/8/28,1643,1,1583,11,1,0,59,0
Guangdong,Guangzhou,2021/8/27,1642,2,1572,10,1,0,69,0
Guangdong,Guangzhou,2021/8/26,1640,11,1562,0,1,0,77,0
Guangdong,Guangzhou,2021/8/25,1629,0,1562,0,1,0,66,0
Guangdong,Guangzhou,2021/8/24,1629,1,1562,15,1,0,66,0
Guangdong,Guangzhou,2021/8/23,1628,8,1547,7,1,0,80,0
Guangdong,Guangzhou,2021/8/22,1620,4,1540,0,1,0,79,0
Guangdong,Guangzhou,2021/8/21,1616,5,1540,0,1,0,75,0
Guangdong,Guangzhou,2021/8/20,1611,4,1540,12,1,0,70,0
Guangdong,Guangzhou,2021/8/19,1607,8,1528,15,1,0,78,0
Guangdong,Guangzhou,2021/8/18,1599,8,1513,0,1,0,85,0
Guangdong,Guangzhou,2021/8/17,1591,1,1513,3,1,0,77,0
Guangdong,Guangzhou,2021/8/16,1590,9,1510,4,1,0,79,0
Guangdong,Guangzhou,2021/8/15,1581,3,1506,1,1,0,74,0
Guangdong,Guangzhou,2021/8/14,1578,11,1505,0,1,0,72,0
Guangdong,Guangzhou,2021/8/13,1567,1,1505,8,1,0,61,0
Guangdong,Guangzhou,2021/8/12,1566,7,1497,3,1,0,68,0
Guangdong,Guangzhou,2021/8/11,1559,4,1494,2,1,0,64,0
Guangdong,Guangzhou,2021/8/10,1555,0,1492,0,1,0,62,0
Guangdong,Guangzhou,2021/8/9,1555,7,1492,7,1,0,62,0
Guangdong,Guangzhou,2021/8/8,1548,6,1485,0,1,0,62,0
Guangdong,Guangzhou,2021/8/7,1542,3,1485,3,1,0,56,0
Guangdong,Guangzhou,2021/8/6,1539,2,1482,2,1,0,56,0
Guangdong,Guangzhou,2021/8/5,1537,12,1480,3,1,0,56,0
Guangdong,Guangzhou,2021/8/4,1525,1,1477,3,1,0,47,0
Guangdong,Guangzhou,2021/8/3,1524,2,1474,1,1,0,49,0
Guangdong,Guangzhou,2021/8/2,1522,5,1473,2,1,0,48,0
Guangdong,Guangzhou,2021/8/1,1517,2,1471,2,1,0,45,0
Guangdong,Guangzhou,2021/7/31,1515,0,1469,5,1,0,45,0
Guangdong,Guangzhou,2021/7/30,1515,9,1464,7,1,0,50,0
Guangdong,Guangzhou,2021/7/29,1506,0,1457,0,1,0,48,0
Guangdong,Guangzhou,2021/7/28,1506,1,1457,0,1,0,48,0
Guangdong,Guangzhou,2021/7/27,1505,2,1457,0,1,0,47,0
Guangdong,Guangzhou,2021/7/26,1503,11,1457,6,1,0,45,0
Guangdong,Guangzhou,2021/7/25,1492,3,1451,5,1,0,40,0
Guangdong,Guangzhou,2021/7/24,1489,4,1446,3,1,0,42,0
Guangdong,Guangzhou,2021/7/23,1485,3,1443,3,1,0,41,0
Guangdong,Guangzhou,2021/7/22,1482,6,1440,0,1,0,41,0
Guangdong,Guangzhou,2021/7/21,1476,5,1440,2,1,0,35,0
Guangdong,Guangzhou,2021/7/20,1471,1,1438,4,1,0,32,0
Guangdong,Guangzhou,2021/7/19,1470,2,1434,0,1,0,35,0
Guangdong,Guangzhou,2021/7/18,1468,4,1434,4,1,0,33,0
Guangdong,Guangzhou,2021/7/17,1464,2,1430,0,1,0,33,0
Guangdong,Guangzhou,2021/7/16,1462,1,1430,2,1,0,31,0
Guangdong,Guangzhou,2021/7/15,1461,2,1428,1,1,0,32,0
Guangdong,Guangzhou,2021/7/14,1459,12,1427,1,1,0,31,0
Guangdong,Guangzhou,2021/7/13,1447,2,1426,2,1,0,20,0
Guangdong,Guangzhou,2021/7/12,1445,3,1424,2,1,0,20,0
Guangdong,Guangzhou,2021/7/11,1442,3,1422,4,1,0,19,0
Guangdong,Guangzhou,2021/7/10,1439,1,1418,3,1,0,20,0
Guangdong,Guangzhou,2021/7/9,1438,1,1415,4,1,0,22,0
Guangdong,Guangzhou,2021/7/8,1437,1,1411,4,1,0,25,0
Guangdong,Guangzhou,2021/7/7,1436,2,1407,9,1,0,28,0
Guangdong,Guangzhou,2021/7/6,1434,5,1398,5,1,0,35,0
Guangdong,Guangzhou,2021/7/5,1429,3,1393,20,1,0,35,0
Guangdong,Guangzhou,2021/7/4,1426,4,1373,2,1,0,52,0
Guangdong,Guangzhou,2021/7/3,1422,2,1371,7,1,0,50,0
Guangdong,Guangzhou,2021/7/2,1420,2,1364,11,1,0,55,0
Guangdong,Guangzhou,2021/7/1,1418,7,1353,7,1,0,64,0
Guangdong,Guangzhou,2021/6/30,1411,0,1346,8,1,0,64,0
Guangdong,Guangzhou,2021/6/29,1411,1,1338,5,1,0,72,0
Guangdong,Guangzhou,2021/6/28,1410,1,1333,6,1,0,76,0
Guangdong,Guangzhou,2021/6/27,1409,2,1327,5,1,0,81,0
Guangdong,Guangzhou,2021/6/26,1407,0,1322,22,1,0,84,0
Guangdong,Guangzhou,2021/6/25,1407,0,1300,0,1,0,106,0
Guangdong,Guangzhou,2021/6/24,1407,3,1300,17,1,0,106,0
Guangdong,Guangzhou,2021/6/23,1404,2,1283,14,1,0,120,0
Guangdong,Guangzhou,2021/6/22,1402,0,1269,12,1,0,132,0
Guangdong,Guangzhou,2021/6/21,1402,2,1257,13,1,0,144,0
Guangdong,Guangzhou,2021/6/20,1400,3,1244,0,1,0,155,0
Guangdong,Guangzhou,2021/6/19,1397,1,1244,6,1,0,152,0
Guangdong,Guangzhou,2021/6/18,1396,3,1238,7,1,0,157,0
Guangdong,Guangzhou,2021/6/17,1393,2,1231,9,1,0,161,0
Guangdong,Guangzhou,2021/6/16,1391,4,1222,1,1,0,168,0
Guangdong,Guangzhou,2021/6/15,1387,2,1221,3,1,0,165,0
Guangdong,Guangzhou,2021/6/14,1385,5,1218,0,1,0,166,0
Guangdong,Guangzhou,2021/6/13,1380,6,1218,6,1,0,161,0
Guangdong,Guangzhou,2021/6/12,1374,12,1212,0,1,0,161,0
Guangdong,Guangzhou,2021/6/11,1362,10,1212,4,1,0,149,0
Guangdong,Guangzhou,2021/6/10,1352,11,1208,3,1,0,143,0
Guangdong,Guangzhou,2021/6/9,1341,9,1205,2,1,0,135,0
Guangdong,Guangzhou,2021/6/8,1332,8,1203,2,1,0,128,0
Guangdong,Guangzhou,2021/6/7,1324,17,1201,1,1,0,122,0
Guangdong,Guangzhou,2021/6/6,1307,5,1200,2,1,0,106,0
Guangdong,Guangzhou,2021/6/5,1302,8,1198,8,1,0,103,0
Guangdong,Guangzhou,2021/6/4,1294,13,1190,0,1,0,103,0
Guangdong,Guangzhou,2021/6/3,1281,10,1190,0,1,0,90,0
Guangdong,Guangzhou,2021/6/2,1271,17,1190,0,1,0,80,0
Guangdong,Guangzhou,2021/6/1,1254,9,1190,3,1,0,63,0
Guangdong,Guangzhou,2021/5/31,1245,12,1187,1,1,0,57,0
Guangdong,Guangzhou,2021/5/30,1233,21,1186,6,1,0,46,0
Guangdong,Guangzhou,2021/5/29,1212,1,1180,0,1,0,31,0
Guangdong,Guangzhou,2021/5/28,1211,2,1180,2,1,0,30,0
Guangdong,Guangzhou,2021/5/27,1209,0,1178,3,1,0,30,0
Guangdong,Guangzhou,2021/5/26,1209,4,1175,4,1,0,33,0
Guangdong,Guangzhou,2021/5/25,1205,1,1171,3,1,0,33,0
Guangdong,Guangzhou,2021/5/24,1204,0,1168,4,1,0,35,0
Guangdong,Guangzhou,2021/5/23,1204,3,1164,1,1,0,39,0
Guangdong,Guangzhou,2021/5/22,1201,3,1163,2,1,0,37,0
Guangdong,Guangzhou,2021/5/21,1198,4,1161,1,1,0,36,0
Guangdong,Guangzhou,2021/5/20,1194,1,1160,0,1,0,33,0
Guangdong,Guangzhou,2021/5/19,1193,1,1160,4,1,0,32,0
Guangdong,Guangzhou,2021/5/18,1192,1,1156,3,1,0,35,0
Guangdong,Guangzhou,2021/5/17,1191,1,1153,3,1,0,37,0
Guangdong,Guangzhou,2021/5/16,1190,4,1150,11,1,0,39,0
Guangdong,Guangzhou,2021/5/15,1186,5,1139,7,1,0,46,0
Guangdong,Guangzhou,2021/5/14,1181,1,1132,2,1,0,48,0
Guangdong,Guangzhou,2021/5/13,1180,3,1130,7,1,0,49,0
Guangdong,Guangzhou,2021/5/12,1177,2,1123,0,1,0,53,0
Guangdong,Guangzhou,2021/5/11,1175,8,1123,0,1,0,51,0
Guangdong,Guangzhou,2021/5/10,1167,1,1123,8,1,0,43,0
Guangdong,Guangzhou,2021/5/9,1166,2,1115,0,1,0,50,0
Guangdong,Guangzhou,2021/5/8,1164,5,1115,8,1,0,48,0
Guangdong,Guangzhou,2021/5/7,1159,0,1107,0,1,0,51,0
Guangdong,Guangzhou,2021/5/6,1159,5,1107,4,1,0,51,0
Guangdong,Guangzhou,2021/5/5,1154,1,1103,5,1,0,50,0
Guangdong,Guangzhou,2021/5/4,1153,1,1098,0,1,0,54,0
Guangdong,Guangzhou,2021/5/3,1152,4,1098,0,1,0,53,0
Guangdong,Guangzhou,2021/5/2,1148,4,1098,3,1,0,49,0
Guangdong,Guangzhou,2021/5/1,1144,5,1095,0,1,0,48,0
Guangdong,Guangzhou,2021/4/30,1139,6,1095,0,1,0,43,0
Guangdong,Guangzhou,2021/4/29,1133,2,1095,3,1,0,37,0
Guangdong,Guangzhou,2021/4/28,1131,0,1092,0,1,0,38,0
Guangdong,Guangzhou,2021/4/27,1131,2,1092,0,1,0,38,0
Guangdong,Guangzhou,2021/4/26,1129,2,1092,0,1,0,36,0
Guangdong,Guangzhou,2021/4/25,1127,1,1092,4,1,0,34,0
Guangdong,Guangzhou,2021/4/24,1126,0,1088,1,1,0,37,0
Guangdong,Guangzhou,2021/4/23,1126,0,1087,0,1,0,38,0
Guangdong,Guangzhou,2021/4/22,1126,4,1087,0,1,0,38,0
Guangdong,Guangzhou,2021/4/21,1122,2,1087,7,1,0,34,0
Guangdong,Guangzhou,2021/4/20,1120,1,1080,0,1,0,39,0
Guangdong,Guangzhou,2021/4/19,1119,0,1080,3,1,0,38,0
Guangdong,Guangzhou,2021/4/18,1119,2,1077,0,1,0,41,0
Guangdong,Guangzhou,2021/4/17,1117,4,1077,2,1,0,39,0
Guangdong,Guangzhou,2021/4/16,1113,3,1075,8,1,0,37,0
Guangdong,Guangzhou,2021/4/15,1110,2,1067,0,1,0,42,0
Guangdong,Guangzhou,2021/4/14,1108,3,1067,0,1,0,40,0
Guangdong,Guangzhou,2021/4/13,1105,3,1067,0,1,0,37,0
Guangdong,Guangzhou,2021/4/12,1102,2,1067,0,1,0,34,0
Guangdong,Guangzhou,2021/4/11,1100,3,1067,0,1,0,32,0
Guangdong,Guangzhou,2021/4/10,1097,1,1067,0,1,0,29,0
Guangdong,Guangzhou,2021/4/9,1096,0,1067,0,1,0,28,0
Guangdong,Guangzhou,2021/4/8,1096,4,1067,0,1,0,28,0
Guangdong,Guangzhou,2021/4/7,1092,0,1067,0,1,0,24,0
Guangdong,Guangzhou,2021/4/6,1092,1,1067,2,1,0,24,0
Guangdong,Guangzhou,2021/4/5,1091,2,1065,0,1,0,25,0
Guangdong,Guangzhou,2021/4/4,1089,0,1065,2,1,0,23,0
Guangdong,Guangzhou,2021/4/3,1089,2,1063,0,1,0,25,0
Guangdong,Guangzhou,2021/4/2,1087,2,1063,0,1,0,23,0
Guangdong,Guangzhou,2021/4/1,1085,0,1063,2,1,0,21,0
Guangdong,Guangzhou,2021/3/31,1085,2,1061,3,1,0,23,0
Guangdong,Guangzhou,2021/3/30,1083,2,1058,0,1,0,24,0
Guangdong,Guangzhou,2021/3/29,1081,2,1058,0,1,0,22,0
Guangdong,Guangzhou,2021/3/28,1079,8,1058,2,1,0,20,0
Guangdong,Guangzhou,2021/3/27,1071,1,1056,2,1,0,14,0
Guangdong,Guangzhou,2021/3/26,1070,1,1054,5,1,0,15,0
Guangdong,Guangzhou,2021/3/25,1069,0,1049,0,1,0,19,0
Guangdong,Guangzhou,2021/3/24,1069,1,1049,0,1,0,19,0
Guangdong,Guangzhou,2021/3/23,1068,2,1049,0,1,0,18,0
Guangdong,Guangzhou,2021/3/22,1066,4,1049,0,1,0,16,0
Guangdong,Guangzhou,2021/3/21,1062,0,1049,13,1,0,12,0
Guangdong,Guangzhou,2021/3/20,1062,1,1036,0,1,0,25,0
Guangdong,Guangzhou,2021/3/19,1061,0,1036,0,1,0,24,0
Guangdong,Guangzhou,2021/3/18,1061,1,1036,0,1,0,24,0
Guangdong,Guangzhou,2021/3/17,1060,1,1036,0,1,0,23,0
Guangdong,Guangzhou,2021/3/16,1059,0,1036,7,1,0,22,0
Guangdong,Guangzhou,2021/3/15,1059,0,1029,0,1,0,29,0
Guangdong,Guangzhou,2021/3/14,1059,0,1029,2,1,0,29,0
Guangdong,Guangzhou,2021/3/13,1059,0,1027,3,1,0,31,0
Guangdong,Guangzhou,2021/3/12,1059,2,1024,0,1,0,34,0
Guangdong,Guangzhou,2021/3/11,1057,2,1024,1,1,0,32,0
Guangdong,Guangzhou,2021/3/10,1055,1,1023,0,1,0,31,0
Guangdong,Guangzhou,2021/3/9,1054,0,1023,1,1,0,30,0
Guangdong,Guangzhou,2021/3/8,1054,1,1022,1,1,0,31,0
Guangdong,Guangzhou,2021/3/7,1053,1,1021,5,1,0,31,0
Guangdong,Guangzhou,2021/3/6,1052,4,1016,10,1,0,35,0
Guangdong,Guangzhou,2021/3/5,1048,2,1006,0,1,0,41,0
Guangdong,Guangzhou,2021/3/4,1046,1,1006,0,1,0,39,0
Guangdong,Guangzhou,2021/3/3,1045,2,1006,2,1,0,38,0
Guangdong,Guangzhou,2021/3/2,1043,3,1004,4,1,0,38,0
Guangdong,Guangzhou,2021/3/1,1040,2,1000,0,1,0,39,0
Guangdong,Guangzhou,2021/2/28,1038,5,1000,9,1,0,37,0
Guangdong,Guangzhou,2021/2/27,1033,1,991,0,1,0,41,0
Guangdong,Guangzhou,2021/2/26,1032,4,991,0,1,0,40,0
Guangdong,Guangzhou,2021/2/25,1028,2,991,8,1,0,36,0
Guangdong,Guangzhou,2021/2/24,1026,1,983,0,1,0,42,0
Guangdong,Guangzhou,2021/2/23,1025,1,983,0,1,0,41,0
Guangdong,Guangzhou,2021/2/22,1024,9,983,1,1,0,40,0
Guangdong,Guangzhou,2021/2/21,1015,3,982,2,1,0,32,0
Guangdong,Guangzhou,2021/2/20,1012,1,980,14,1,0,31,0
Guangdong,Guangzhou,2021/2/19,1011,2,966,0,1,0,44,0
Guangdong,Guangzhou,2021/2/18,1009,0,966,3,1,0,42,0
Guangdong,Guangzhou,2021/2/17,1009,3,963,0,1,0,45,0
Guangdong,Guangzhou,2021/2/16,1006,5,963,4,1,0,42,0
Guangdong,Guangzhou,2021/2/15,1001,7,959,0,1,0,41,0
Guangdong,Guangzhou,2021/2/14,994,2,959,3,1,0,34,0
Guangdong,Guangzhou,2021/2/13,992,2,956,0,1,0,35,0
Guangdong,Guangzhou,2021/2/12,990,1,956,0,1,0,33,0
Guangdong,Guangzhou,2021/2/11,989,0,956,1,1,0,32,0
Guangdong,Guangzhou,2021/2/10,989,1,955,5,1,0,33,0
Guangdong,Guangzhou,2021/2/9,988,0,950,6,1,0,37,0
Guangdong,Guangzhou,2021/2/8,988,6,944,0,1,0,43,0
Guangdong,Guangzhou,2021/2/7,982,8,944,0,1,0,37,0
Guangdong,Guangzhou,2021/2/6,974,0,944,0,1,0,29,0
Guangdong,Guangzhou,2021/2/5,974,0,944,0,1,0,29,0
Guangdong,Guangzhou,2021/2/4,974,2,944,3,1,0,29,0
Guangdong,Guangzhou,2021/2/3,972,3,941,0,1,0,30,0
Guangdong,Guangzhou,2021/2/2,969,0,941,0,1,0,27,0
Guangdong,Guangzhou,2021/2/1,969,2,941,13,1,0,27,0
Guangdong,Guangzhou,2021/1/31,967,0,928,0,1,0,38,0
Guangdong,Guangzhou,2021/1/30,967,1,928,5,1,0,38,0
Guangdong,Guangzhou,2021/1/29,966,5,923,0,1,0,42,0
Guangdong,Guangzhou,2021/1/28,961,1,923,0,1,0,37,0
Guangdong,Guangzhou,2021/1/27,960,0,923,0,1,0,36,0
Guangdong,Guangzhou,2021/1/26,960,4,923,-4,1,0,36,0
Guangdong,Guangzhou,2021/1/25,956,1,927,2,1,0,28,0
Guangdong,Guangzhou,2021/1/24,955,2,925,2,1,0,29,0
Guangdong,Guangzhou,2021/1/23,953,0,923,0,1,0,29,0
Guangdong,Guangzhou,2021/1/22,953,0,923,9,1,0,29,0
Guangdong,Guangzhou,2021/1/21,953,5,914,0,1,0,38,0
Guangdong,Guangzhou,2021/1/20,948,0,914,0,1,0,33,0
Guangdong,Guangzhou,2021/1/19,948,3,914,3,1,0,33,0
Guangdong,Guangzhou,2021/1/18,945,2,911,7,1,0,33,0
Guangdong,Guangzhou,2021/1/17,943,1,904,0,1,0,38,0
Guangdong,Guangzhou,2021/1/16,942,0,904,0,1,0,37,0
Guangdong,Guangzhou,2021/1/15,942,3,904,0,1,0,37,0
Guangdong,Guangzhou,2021/1/14,939,2,904,0,1,0,34,0
Guangdong,Guangzhou,2021/1/13,937,0,904,0,1,0,32,0
Guangdong,Guangzhou,2021/1/12,937,1,904,2,1,0,32,0
Guangdong,Guangzhou,2021/1/11,936,7,902,0,1,0,33,0
Guangdong,Guangzhou,2021/1/10,929,0,902,0,1,0,26,0
Guangdong,Guangzhou,2021/1/9,929,1,902,0,1,0,26,0
Guangdong,Guangzhou,2021/1/8,928,1,902,2,1,0,25,0
Guangdong,Guangzhou,2021/1/7,927,5,900,3,1,0,26,0
Guangdong,Guangzhou,2021/1/6,922,0,897,0,1,0,24,0
Guangdong,Guangzhou,2021/1/5,922,2,897,1,1,0,24,0
Guangdong,Guangzhou,2021/1/4,920,3,896,0,1,0,23,0
Guangdong,Guangzhou,2021/1/3,917,2,896,0,1,0,20,0
Guangdong,Guangzhou,2021/1/2,915,1,896,4,1,0,18,0
Guangdong,Guangzhou,2021/1/1,914,209,892,203,1,0,21,0
Guangdong,Guangzhou,2020/9/27,705,-207,689,-203,1,0,15,0
Guangdong,Guangzhou,2020/12/31,912,1,892,0,1,0,19,0
Guangdong,Guangzhou,2020/12/30,911,0,892,0,1,0,18,0
Guangdong,Guangzhou,2020/12/29,911,1,892,0,1,0,18,0
Guangdong,Guangzhou,2020/12/28,910,1,892,21,1,0,17,0
Guangdong,Guangzhou,2020/12/27,909,1,871,0,1,0,37,0
Guangdong,Guangzhou,2020/12/26,908,1,871,0,1,0,36,0
Guangdong,Guangzhou,2020/12/25,907,0,871,0,1,0,35,0
Guangdong,Guangzhou,2020/12/24,907,0,871,0,1,0,35,0
Guangdong,Guangzhou,2020/12/23,907,1,871,0,1,0,35,0
Guangdong,Guangzhou,2020/12/22,906,2,871,1,1,0,34,0
Guangdong,Guangzhou,2020/12/21,904,0,870,0,1,0,33,0
Guangdong,Guangzhou,2020/12/20,904,3,870,0,1,0,33,0
Guangdong,Guangzhou,2020/12/19,901,1,870,5,1,0,30,0
Guangdong,Guangzhou,2020/12/18,900,1,865,0,1,0,34,0
Guangdong,Guangzhou,2020/12/17,899,2,865,0,1,0,33,0
Guangdong,Guangzhou,2020/12/16,897,0,865,0,1,0,31,0
Guangdong,Guangzhou,2020/12/15,897,2,865,2,1,0,31,0
Guangdong,Guangzhou,2020/12/14,895,1,863,0,1,0,31,0
Guangdong,Guangzhou,2020/12/13,894,1,863,0,1,0,30,0
Guangdong,Guangzhou,2020/12/12,893,1,863,2,1,0,29,0
Guangdong,Guangzhou,2020/12/11,892,1,861,1,1,0,30,0
Guangdong,Guangzhou,2020/12/10,891,3,860,0,1,0,30,0
Guangdong,Guangzhou,2020/12/9,888,1,860,2,1,0,27,0
Guangdong,Guangzhou,2020/12/8,887,2,858,2,1,0,28,0
Guangdong,Guangzhou,2020/12/7,885,2,856,4,1,0,28,0
Guangdong,Guangzhou,2020/12/6,883,1,852,0,1,0,30,0
Guangdong,Guangzhou,2020/12/5,882,2,852,7,1,0,29,0
Guangdong,Guangzhou,2020/12/4,880,2,845,0,1,0,34,0
Guangdong,Guangzhou,2020/12/3,878,0,845,0,1,0,32,0
Guangdong,Guangzhou,2020/12/2,878,4,845,0,1,0,32,0
Guangdong,Guangzhou,2020/12/1,874,2,845,8,1,0,28,0
Guangdong,Guangzhou,2020/11/30,872,0,837,0,1,0,34,0
Guangdong,Guangzhou,2020/11/29,872,1,837,0,1,0,34,0
Guangdong,Guangzhou,2020/11/28,871,0,837,-6,1,0,33,0
Guangdong,Guangzhou,2020/11/27,871,0,843,4,1,0,27,0
Guangdong,Guangzhou,2020/11/26,871,0,839,1,1,0,31,0
Guangdong,Guangzhou,2020/11/25,871,2,838,2,1,0,32,0
Guangdong,Guangzhou,2020/11/24,869,0,836,7,1,0,32,0
Guangdong,Guangzhou,2020/11/23,869,5,829,0,1,0,39,0
Guangdong,Guangzhou,2020/11/22,864,0,829,0,1,0,34,0
Guangdong,Guangzhou,2020/11/21,864,0,829,0,1,0,34,0
Guangdong,Guangzhou,2020/11/20,864,0,829,0,1,0,34,0
Guangdong,Guangzhou,2020/11/19,864,2,829,0,1,0,34,0
Guangdong,Guangzhou,2020/11/18,862,3,829,12,1,0,32,0
Guangdong,Guangzhou,2020/11/17,859,1,817,0,1,0,41,0
Guangdong,Guangzhou,2020/11/16,858,3,817,3,1,0,40,0
Guangdong,Guangzhou,2020/11/15,855,0,814,0,1,0,40,0
Guangdong,Guangzhou,2020/11/14,855,3,814,0,1,0,40,0
Guangdong,Guangzhou,2020/11/13,852,7,814,3,1,0,37,0
Guangdong,Guangzhou,2020/11/12,845,0,811,0,1,0,33,0
Guangdong,Guangzhou,2020/11/11,845,1,811,0,1,0,33,0
Guangdong,Guangzhou,2020/11/10,844,0,811,13,1,0,32,0
Guangdong,Guangzhou,2020/11/9,844,10,798,3,1,0,45,0
Guangdong,Guangzhou,2020/11/8,834,0,795,0,1,0,38,0
Guangdong,Guangzhou,2020/11/7,834,2,795,0,1,0,38,0
Guangdong,Guangzhou,2020/11/6,832,5,795,8,1,0,36,0
Guangdong,Guangzhou,2020/11/5,827,0,787,0,1,0,39,0
Guangdong,Guangzhou,2020/11/4,827,0,787,0,1,0,39,0
Guangdong,Guangzhou,2020/11/3,827,3,787,4,1,0,39,0
Guangdong,Guangzhou,2020/11/2,824,8,783,5,1,0,40,0
Guangdong,Guangzhou,2020/11/1,816,5,778,0,1,0,37,0
Guangdong,Guangzhou,2020/10/31,811,3,778,0,1,0,32,0
Guangdong,Guangzhou,2020/10/30,808,3,778,5,1,0,29,0
Guangdong,Guangzhou,2020/10/29,805,2,773,7,1,0,31,0
Guangdong,Guangzhou,2020/10/28,803,3,766,1,1,0,36,0
Guangdong,Guangzhou,2020/10/27,800,2,765,2,1,0,34,0
Guangdong,Guangzhou,2020/10/26,798,1,763,4,1,0,34,0
Guangdong,Guangzhou,2020/10/25,797,4,759,5,1,0,37,0
Guangdong,Guangzhou,2020/10/24,793,0,754,12,1,0,38,0
Guangdong,Guangzhou,2020/10/23,793,9,742,3,1,0,50,0
Guangdong,Guangzhou,2020/10/22,784,0,739,0,1,0,44,0
Guangdong,Guangzhou,2020/10/21,784,3,739,4,1,0,44,0
Guangdong,Guangzhou,2020/10/20,781,3,735,0,1,0,45,0
Guangdong,Guangzhou,2020/10/19,778,5,735,2,1,0,42,0
Guangdong,Guangzhou,2020/10/18,773,7,733,4,1,0,39,0
Guangdong,Guangzhou,2020/10/17,766,0,729,0,1,0,36,0
Guangdong,Guangzhou,2020/10/16,766,2,729,2,1,0,36,0
Guangdong,Guangzhou,2020/10/15,764,6,727,3,1,0,36,0
Guangdong,Guangzhou,2020/10/14,758,6,724,0,1,0,33,0
Guangdong,Guangzhou,2020/10/13,752,0,724,1,1,0,27,0
Guangdong,Guangzhou,2020/10/12,752,2,723,0,1,0,28,0
Guangdong,Guangzhou,2020/10/11,750,3,723,0,1,0,26,0
Guangdong,Guangzhou,2020/10/10,747,6,723,1,1,0,23,0
Guangdong,Guangzhou,2020/10/9,741,1,722,0,1,0,18,0
Guangdong,Guangzhou,2020/10/8,740,2,722,6,1,0,17,0
Guangdong,Guangzhou,2020/10/7,738,0,716,4,1,0,21,0
Guangdong,Guangzhou,2020/10/6,738,2,712,2,1,0,25,0
Guangdong,Guangzhou,2020/10/5,736,4,710,2,1,0,25,0
Guangdong,Guangzhou,2020/10/4,732,1,708,2,1,0,23,0
Guangdong,Guangzhou,2020/10/3,731,6,706,1,1,0,24,0
Guangdong,Guangzhou,2020/10/2,725,2,705,0,1,0,19,0
Guangdong,Guangzhou,2020/10/1,723,2,705,1,1,0,17,0
Guangdong,Guangzhou,2020/9/30,721,2,704,1,1,0,16,0
Guangdong,Guangzhou,2020/9/29,719,3,703,4,1,0,15,0
Guangdong,Guangzhou,2020/9/28,716,11,699,10,1,0,16,0
Guangdong,Guangzhou,2020/9/26,705,2,689,0,1,0,15,0
Guangdong,Guangzhou,2020/9/25,703,3,689,3,1,0,13,0
Guangdong,Guangzhou,2020/9/24,700,2,686,2,1,0,13,0
Guangdong,Guangzhou,2020/9/23,698,0,684,3,1,0,13,0
Guangdong,Guangzhou,2020/9/22,698,4,681,3,1,0,16,0
Guangdong,Guangzhou,2020/9/21,694,3,678,3,1,0,15,0
Guangdong,Guangzhou,2020/9/20,691,3,675,3,1,0,15,0
Guangdong,Guangzhou,2020/9/19,688,4,672,0,1,0,15,0
Guangdong,Guangzhou,2020/9/18,684,6,672,4,1,0,11,0
Guangdong,Guangzhou,2020/9/17,678,3,668,0,1,0,9,0
Guangdong,Guangzhou,2020/9/16,675,1,668,3,1,0,6,0
Guangdong,Guangzhou,2020/9/15,674,1,665,3,1,0,8,0
Guangdong,Guangzhou,2020/9/14,673,4,662,2,1,0,10,0
Guangdong,Guangzhou,2020/9/13,669,0,660,2,1,0,8,0
Guangdong,Guangzhou,2020/9/12,669,1,658,4,1,0,10,0
Guangdong,Guangzhou,2020/9/11,668,2,654,1,1,0,13,0
Guangdong,Guangzhou,2020/9/10,666,4,653,7,1,0,12,0
Guangdong,Guangzhou,2020/9/9,662,1,646,-2,1,0,15,0
Guangdong,Guangzhou,2020/9/8,661,0,648,2,1,0,12,0
Guangdong,Guangzhou,2020/9/7,661,-2,646,1,1,0,14,0
Guangdong,Guangzhou,2020/9/6,663,4,645,6,1,0,17,0
Guangdong,Guangzhou,2020/9/5,659,3,639,4,1,0,19,0
Guangdong,Guangzhou,2020/9/4,656,1,635,0,1,0,20,0
Guangdong,Guangzhou,2020/9/3,655,8,635,2,1,0,19,0
Guangdong,Guangzhou,2020/9/2,647,3,633,1,1,0,13,0
Guangdong,Guangzhou,2020/9/1,644,2,632,0,1,0,11,0
Guangdong,Guangzhou,2020/8/31,642,2,632,3,1,0,9,0
Guangdong,Guangzhou,2020/8/30,640,0,629,0,1,0,10,0
Guangdong,Guangzhou,2020/8/29,640,1,629,0,1,0,10,0
Guangdong,Guangzhou,2020/8/28,639,2,629,0,1,0,9,0
Guangdong,Guangzhou,2020/8/27,637,1,629,11,1,0,7,0
Guangdong,Guangzhou,2020/8/26,636,0,618,0,1,0,17,0
Guangdong,Guangzhou,2020/8/25,636,4,618,2,1,0,17,0
Guangdong,Guangzhou,2020/8/24,632,3,616,1,1,0,15,0
Guangdong,Guangzhou,2020/8/23,629,0,615,0,1,0,13,0
Guangdong,Guangzhou,2020/8/22,629,0,615,1,1,0,13,0
Guangdong,Guangzhou,2020/8/21,629,0,614,4,1,0,14,0
Guangdong,Guangzhou,2020/8/20,629,0,610,2,1,0,18,0
Guangdong,Guangzhou,2020/8/19,629,0,608,3,1,0,20,0
Guangdong,Guangzhou,2020/8/18,629,4,605,0,1,0,23,0
Guangdong,Guangzhou,2020/8/17,625,1,605,5,1,0,19,0
Guangdong,Guangzhou,2020/8/16,624,8,600,0,1,0,23,0
Guangdong,Guangzhou,2020/8/15,616,3,600,0,1,0,15,0
Guangdong,Guangzhou,2020/8/14,613,1,600,0,1,0,12,0
Guangdong,Guangzhou,2020/8/13,612,0,600,2,1,0,11,0
Guangdong,Guangzhou,2020/8/12,612,1,598,7,1,0,13,0
Guangdong,Guangzhou,2020/8/11,611,1,591,0,1,0,19,0
Guangdong,Guangzhou,2020/8/10,610,1,591,-1,1,0,18,0
Guangdong,Guangzhou,2020/8/9,609,3,592,2,1,0,16,0
Guangdong,Guangzhou,2020/8/8,606,5,590,5,1,0,15,0
Guangdong,Guangzhou,2020/8/7,601,1,585,3,1,0,15,0
Guangdong,Guangzhou,2020/8/6,600,0,582,0,1,0,17,0
Guangdong,Guangzhou,2020/8/5,600,0,582,2,1,0,17,0
Guangdong,Guangzhou,2020/8/4,600,0,580,0,1,0,19,0
Guangdong,Guangzhou,2020/8/3,600,3,580,2,1,0,19,0
Guangdong,Guangzhou,2020/8/2,597,1,578,3,1,0,18,0
Guangdong,Guangzhou,2020/8/1,596,2,575,1,1,0,20,0
Guangdong,Guangzhou,2020/7/31,594,2,574,0,1,0,19,0
Guangdong,Guangzhou,2020/7/30,592,3,574,2,1,0,17,0
Guangdong,Guangzhou,2020/7/29,589,1,572,3,1,0,16,0
Guangdong,Guangzhou,2020/7/28,588,2,569,3,1,0,18,0
Guangdong,Guangzhou,2020/7/27,586,0,566,0,1,0,19,0
Guangdong,Guangzhou,2020/7/26,586,0,566,3,1,0,19,0
Guangdong,Guangzhou,2020/7/25,586,3,563,1,1,0,22,0
Guangdong,Guangzhou,2020/7/24,583,2,562,2,1,0,20,0
Guangdong,Guangzhou,2020/7/23,581,5,560,2,1,0,20,0
Guangdong,Guangzhou,2020/7/22,576,1,558,0,1,0,17,0
Guangdong,Guangzhou,2020/7/21,575,2,558,0,1,0,16,0
Guangdong,Guangzhou,2020/7/20,573,0,558,0,1,0,14,0
Guangdong,Guangzhou,2020/7/19,573,0,558,0,1,0,14,0
Guangdong,Guangzhou,2020/7/18,573,2,558,0,1,0,14,0
Guangdong,Guangzhou,2020/7/17,571,1,558,0,1,0,12,0
Guangdong,Guangzhou,2020/7/16,570,4,558,0,1,0,11,0
Guangdong,Guangzhou,2020/7/15,566,0,558,0,1,0,7,0
Guangdong,Guangzhou,2020/7/14,566,0,558,0,1,0,7,0
Guangdong,Guangzhou,2020/7/13,566,0,558,1,1,0,7,0
Guangdong,Guangzhou,2020/7/12,566,2,557,0,1,0,8,0
Guangdong,Guangzhou,2020/7/11,564,0,557,0,1,0,6,0
Guangdong,Guangzhou,2020/7/10,564,1,557,0,1,0,6,0
Guangdong,Guangzhou,2020/7/9,563,0,557,3,1,0,5,0
Guangdong,Guangzhou,2020/7/8,563,2,554,0,1,0,8,0
Guangdong,Guangzhou,2020/7/7,561,1,554,0,1,0,6,0
Guangdong,Guangzhou,2020/7/6,560,1,554,0,1,0,5,0
Guangdong,Guangzhou,2020/7/5,559,0,554,0,1,0,4,0
Guangdong,Guangzhou,2020/7/4,559,0,554,3,1,0,4,0
Guangdong,Guangzhou,2020/7/3,559,1,551,2,1,0,7,0
Guangdong,Guangzhou,2020/7/2,558,0,549,0,1,0,8,0
Guangdong,Guangzhou,2020/7/1,558,1,549,0,1,0,8,0
Guangdong,Guangzhou,2020/6/30,557,0,549,0,1,0,7,0
Guangdong,Guangzhou,2020/6/29,557,4,549,5,1,0,7,0
Guangdong,Guangzhou,2020/6/28,553,0,544,0,1,0,8,0
Guangdong,Guangzhou,2020/6/27,553,0,544,0,1,0,8,0
Guangdong,Guangzhou,2020/6/26,553,2,544,0,1,0,8,0
Guangdong,Guangzhou,2020/6/25,551,1,544,1,1,0,6,0
Guangdong,Guangzhou,2020/6/24,550,0,543,1,1,0,6,0
Guangdong,Guangzhou,2020/6/23,550,0,542,0,1,0,7,0
Guangdong,Guangzhou,2020/6/22,550,0,542,5,1,0,7,0
Guangdong,Guangzhou,2020/6/21,550,0,537,1,1,0,12,0
Guangdong,Guangzhou,2020/6/20,550,0,536,0,1,0,13,0
Guangdong,Guangzhou,2020/6/19,550,3,536,9,1,0,13,0
Guangdong,Guangzhou,2020/6/18,547,3,527,1,1,0,19,0
Guangdong,Guangzhou,2020/6/17,544,0,526,10,1,0,17,0
Guangdong,Guangzhou,2020/6/16,544,0,516,3,1,0,27,0
Guangdong,Guangzhou,2020/6/15,544,3,513,0,1,0,30,0
Guangdong,Guangzhou,2020/6/14,541,0,513,0,1,0,27,0
Guangdong,Guangzhou,2020/6/13,541,17,513,1,1,0,27,0
Guangdong,Guangzhou,2020/6/12,524,1,512,0,1,0,11,0
Guangdong,Guangzhou,2020/6/11,523,0,512,2,1,0,10,0
Guangdong,Guangzhou,2020/6/10,523,3,510,1,1,0,12,0
Guangdong,Guangzhou,2020/6/9,520,0,509,1,1,0,10,0
Guangdong,Guangzhou,2020/6/8,520,2,508,1,1,0,11,0
Guangdong,Guangzhou,2020/6/7,518,1,507,0,1,0,10,0
Guangdong,Guangzhou,2020/6/6,517,0,507,1,1,0,9,0
Guangdong,Guangzhou,2020/6/5,517,3,506,0,1,0,10,0
Guangdong,Guangzhou,2020/6/4,514,1,506,0,1,0,7,0
Guangdong,Guangzhou,2020/6/3,513,1,506,0,1,0,6,0
Guangdong,Guangzhou,2020/6/2,512,1,506,0,1,0,5,0
Guangdong,Guangzhou,2020/6/1,511,0,506,0,1,0,4,0
Guangdong,Guangzhou,2020/5/31,511,2,506,0,1,0,4,0
Guangdong,Guangzhou,2020/5/30,509,0,506,1,1,0,2,0
Guangdong,Guangzhou,2020/5/29,509,1,505,0,1,0,3,0
Guangdong,Guangzhou,2020/5/28,508,0,505,0,1,0,2,0
Guangdong,Guangzhou,2020/5/27,508,0,505,1,1,0,2,0
Guangdong,Guangzhou,2020/5/26,508,0,504,0,1,0,3,0
Guangdong,Guangzhou,2020/5/25,508,0,504,1,1,0,3,0
Guangdong,Guangzhou,2020/5/24,508,0,503,0,1,0,4,0
Guangdong,Guangzhou,2020/5/23,508,1,503,0,1,0,4,0
Guangdong,Guangzhou,2020/5/22,507,0,503,0,1,0,3,0
Guangdong,Guangzhou,2020/5/21,507,1,503,0,1,0,3,0
Guangdong,Guangzhou,2020/5/20,506,0,503,0,1,0,2,0
Guangdong,Guangzhou,2020/5/19,506,0,503,0,1,0,2,0
Guangdong,Guangzhou,2020/5/18,506,0,503,0,1,0,2,0
Guangdong,Guangzhou,2020/5/17,506,0,503,0,1,0,2,0
Guangdong,Guangzhou,2020/5/16,506,1,503,0,1,0,2,0
Guangdong,Guangzhou,2020/5/15,505,0,503,0,1,0,1,0
Guangdong,Guangzhou,2020/5/14,505,0,503,0,1,0,1,0
Guangdong,Guangzhou,2020/5/13,505,0,503,0,1,0,1,0
Guangdong,Guangzhou,2020/5/12,505,0,503,0,1,0,1,0
Guangdong,Guangzhou,2020/5/11,505,0,503,0,1,0,1,0
Guangdong,Guangzhou,2020/5/10,505,0,503,2,1,0,1,0
Guangdong,Guangzhou,2020/5/9,505,0,501,0,1,0,3,0
Guangdong,Guangzhou,2020/5/8,505,0,501,0,1,0,3,0
Guangdong,Guangzhou,2020/5/7,505,0,501,0,1,0,3,0
Guangdong,Guangzhou,2020/5/6,505,1,501,0,1,0,3,0
Guangdong,Guangzhou,2020/5/5,504,0,501,2,1,0,2,0
Guangdong,Guangzhou,2020/5/4,504,0,499,1,1,0,4,0
Guangdong,Guangzhou,2020/5/3,504,0,498,0,1,0,5,0
Guangdong,Guangzhou,2020/5/2,504,0,498,0,1,0,5,0
Guangdong,Guangzhou,2020/5/1,504,0,498,0,1,0,5,0
Guangdong,Guangzhou,2020/4/30,504,0,498,7,1,0,5,0
Guangdong,Guangzhou,2020/4/29,504,0,491,0,1,0,12,0
Guangdong,Guangzhou,2020/4/28,504,0,491,2,1,0,12,0
Guangdong,Guangzhou,2020/4/27,504,0,489,1,1,0,14,0
Guangdong,Guangzhou,2020/4/26,504,1,488,0,1,0,15,0
Guangdong,Guangzhou,2020/4/25,503,1,488,5,1,0,14,0
Guangdong,Guangzhou,2020/4/24,502,0,483,4,1,0,18,0
Guangdong,Guangzhou,2020/4/23,502,1,479,2,1,0,22,0
Guangdong,Guangzhou,2020/4/22,501,1,477,5,1,0,23,0
Guangdong,Guangzhou,2020/4/21,500,0,472,2,1,0,27,0
Guangdong,Guangzhou,2020/4/20,500,0,470,5,1,0,29,0
Guangdong,Guangzhou,2020/4/19,500,1,465,2,1,0,34,0
Guangdong,Guangzhou,2020/4/18,499,0,463,6,1,0,35,0
Guangdong,Guangzhou,2020/4/17,499,0,457,5,1,0,41,0
Guangdong,Guangzhou,2020/4/16,499,5,452,3,1,0,46,0
Guangdong,Guangzhou,2020/4/15,494,4,449,5,1,0,44,0
Guangdong,Guangzhou,2020/4/14,490,2,444,2,1,0,45,0
Guangdong,Guangzhou,2020/4/13,488,6,442,1,1,0,45,0
Guangdong,Guangzhou,2020/4/12,482,3,441,11,1,0,40,0
Guangdong,Guangzhou,2020/4/11,479,4,430,6,1,0,48,0
Guangdong,Guangzhou,2020/4/10,475,4,424,3,1,0,50,0
Guangdong,Guangzhou,2020/4/9,471,4,421,10,1,0,49,0
Guangdong,Guangzhou,2020/4/8,467,3,411,10,1,0,55,0
Guangdong,Guangzhou,2020/4/7,464,1,401,8,1,0,62,0
Guangdong,Guangzhou,2020/4/6,463,0,393,6,1,0,69,0
Guangdong,Guangzhou,2020/4/5,463,7,387,15,1,0,75,0
Guangdong,Guangzhou,2020/4/4,456,5,372,0,1,0,83,0
Guangdong,Guangzhou,2020/4/3,451,0,372,9,1,0,78,0
Guangdong,Guangzhou,2020/4/2,451,5,363,3,1,0,87,0
Guangdong,Guangzhou,2020/4/1,446,6,360,6,1,0,85,0
Guangdong,Guangzhou,2020/3/31,440,9,354,3,1,0,85,0
Guangdong,Guangzhou,2020/3/30,431,4,351,2,1,0,79,0
Guangdong,Guangzhou,2020/3/29,427,7,349,7,1,0,77,0
Guangdong,Guangzhou,2020/3/28,420,6,342,4,1,0,77,0
Guangdong,Guangzhou,2020/3/27,414,8,338,0,1,0,75,0
Guangdong,Guangzhou,2020/3/26,406,9,338,0,1,0,67,0
Guangdong,Guangzhou,2020/3/25,397,9,338,1,1,0,58,0
Guangdong,Guangzhou,2020/3/24,388,4,337,1,1,0,50,0
Guangdong,Guangzhou,2020/3/23,384,12,336,0,1,0,47,0
Guangdong,Guangzhou,2020/3/22,372,3,336,1,1,0,35,0
Guangdong,Guangzhou,2020/3/21,369,3,335,0,1,0,33,0
Guangdong,Guangzhou,2020/3/20,366,2,335,1,1,0,30,0
Guangdong,Guangzhou,2020/3/19,364,5,334,2,1,0,29,0
Guangdong,Guangzhou,2020/3/18,359,5,332,1,1,0,26,0
Guangdong,Guangzhou,2020/3/17,354,3,331,1,1,0,22,0
Guangdong,Guangzhou,2020/3/16,351,3,330,0,1,0,20,0
Guangdong,Guangzhou,2020/3/15,348,1,330,0,1,0,17,0
Guangdong,Guangzhou,2020/3/14,347,0,330,0,1,0,16,0
Guangdong,Guangzhou,2020/3/13,347,0,330,0,1,0,16,0
Guangdong,Guangzhou,2020/3/12,347,0,330,4,1,0,16,0
Guangdong,Guangzhou,2020/3/11,347,0,326,0,1,0,20,0
Guangdong,Guangzhou,2020/3/10,347,0,326,2,1,0,20,0
Guangdong,Guangzhou,2020/3/9,347,0,324,2,1,0,22,0
Guangdong,Guangzhou,2020/3/8,347,0,322,4,1,0,24,0
Guangdong,Guangzhou,2020/3/7,347,0,318,0,1,0,28,0
Guangdong,Guangzhou,2020/3/6,347,0,318,9,1,0,28,0
Guangdong,Guangzhou,2020/3/5,347,1,309,17,1,0,37,0
Guangdong,Guangzhou,2020/3/4,346,0,292,9,1,0,53,0
Guangdong,Guangzhou,2020/3/3,346,0,283,12,1,0,62,0
Guangdong,Guangzhou,2020/3/2,346,0,271,7,1,0,74,0
Guangdong,Guangzhou,2020/3/1,346,0,264,4,1,0,81,0
Guangdong,Guangzhou,2020/2/29,346,0,260,12,1,0,85,0
Guangdong,Guangzhou,2020/2/28,346,0,248,8,1,0,97,0
Guangdong,Guangzhou,2020/2/27,346,0,240,10,1,0,105,0
Guangdong,Guangzhou,2020/2/26,346,0,230,8,1,0,115,0
Guangdong,Guangzhou,2020/2/25,346,0,222,12,1,0,123,0
Guangdong,Guangzhou,2020/2/24,346,1,210,6,1,1,135,0
Guangdong,Guangzhou,2020/2/23,345,0,204,8,,0,141,0
Guangdong,Guangzhou,2020/2/22,345,2,196,6,,0,149,0
Guangdong,Guangzhou,2020/2/21,343,4,190,18,,0,153,0
Guangdong,Guangzhou,2020/2/20,339,0,172,15,,0,167,0
Guangdong,Guangzhou,2020/2/19,339,0,157,9,,0,182,0
Guangdong,Guangzhou,2020/2/18,339,0,148,6,,0,191,0
Guangdong,Guangzhou,2020/2/17,339,0,142,11,,0,197,0
Guangdong,Guangzhou,2020/2/16,339,1,131,10,,0,208,0
Guangdong,Guangzhou,2020/2/15,338,3,121,15,,0,217,0
Guangdong,Guangzhou,2020/2/14,335,7,106,13,,0,229,0
Guangdong,Guangzhou,2020/2/13,328,1,93,15,,0,235,0
Guangdong,Guangzhou,2020/2/12,327,4,78,8,,0,249,0
Guangdong,Guangzhou,2020/2/11,323,6,70,21,,0,253,0
Guangdong,Guangzhou,2020/2/10,317,4,49,7,,0,268,0
Guangdong,Guangzhou,2020/2/9,313,9,42,6,,0,271,0
Guangdong,Guangzhou,2020/2/8,304,6,36,9,,0,268,0
Guangdong,Guangzhou,2020/2/7,298,14,27,7,,0,271,0
Guangdong,Guangzhou,2020/2/6,284,29,20,7,,0,264,0
Guangdong,Guangzhou,2020/2/5,255,18,13,6,,0,242,0
Guangdong,Guangzhou,2020/2/4,237,21,7,4,,0,230,0
Guangdong,Guangzhou,2020/2/3,216,27,3,0,,0,213,0
Guangdong,Guangzhou,2020/2/2,189,14,3,0,,0,186,0
Guangdong,Guangzhou,2020/2/1,175,38,3,0,,0,172,0
Guangdong,Guangzhou,2020/1/31,137,31,3,2,,0,134,0
Guangdong,Guangzhou,2020/1/30,106,27,1,1,,0,105,0
Guangdong,Guangzhou,2020/1/29,79,16,,0,,0,79,0
Guangdong,Guangzhou,2020/1/28,63,12,,0,,0,63,0
Guangdong,Guangzhou,2020/1/27,51,12,,0,,0,51,0
Guangdong,Guangzhou,2020/1/26,39,25,,0,,0,39,0
Guangdong,Guangzhou,2020/1/25,14,0,,0,,0,14,0
Guangdong,Guangzhou,2020/1/24,14,7,,0,,0,14,0
Guangdong,Guangzhou,2020/1/23,7,7,,0,,0,7,0
